"","X","sample.id","Original.id","Location.Sample.date","Facility","Year","Season","Production","Room","Object","APC","APC_log","keep","APC_bin"
"1",1,"sample-1","1","B.01.2","Facility 2",2022,"Fall","During","Raw","Drain",67000,4.82607480270083,TRUE,"Medium"
"2",2,"sample-2","1","B.01.4","Facility 2",2023,"Spring","During","Raw","Drain",16200,4.20951501454263,TRUE,"Medium"
"3",3,"sample-3","1","B.01.3","Facility 2",2023,"Winter","During","Raw","Drain",47800,4.67942789661212,TRUE,"Medium"
"4",4,"sample-4","10","B.10.2","Facility 2",2022,"Fall","During","Raw","Cleaning Tools",1150,3.06069784035361,TRUE,"Medium"
"5",9,"sample-9","12","B.12.3","Facility 2",2023,"Winter","During","Raw","Door",2120,3.32633586092875,TRUE,"Medium"
"6",12,"sample-12","13","B.13.3","Facility 2",2023,"Winter","During","Post-Pasteurization ","Floor Object",10400,4.01703333929878,TRUE,"Medium"
"7",18,"sample-18","16","B.16.3","Facility 2",2023,"Winter","During","Filling","Wall/Ceiling",4600,3.66275783168157,TRUE,"Medium"
"8",19,"sample-19","17","B.17.2","Facility 2",2022,"Fall","During","Filling","Conveyor",76500,4.88366143515362,TRUE,"Medium"
"9",24,"sample-24","18","B.18.3","Facility 2",2023,"Winter","During","Filling","Wall/Ceiling",3160,3.4996870826184,TRUE,"Medium"
"10",27,"sample-27","19","B.19.3","Facility 2",2023,"Winter","During","Filling","Cart/Rolling Bins",42200,4.62531245096167,TRUE,"Medium"
"11",32,"sample-32","20","B.20.4","Facility 2",2023,"Spring","During","Filling","Non-FPE Structure",10800,4.03342375548695,TRUE,"Medium"
"12",36,"sample-36","22","B.22.2","Facility 2",2022,"Fall","During","Filling","Non-FPE Structure",96000,4.98227123303957,TRUE,"Medium"
"13",39,"sample-39","23","B.23.4","Facility 2",2023,"Spring","During","Filling","FPE Structure",3760,3.57518784492766,TRUE,"Medium"
"14",42,"sample-42","25","B.25.3","Facility 2",2023,"Winter","During","Warehouse","Fan/Vent",1520,3.18184358794477,TRUE,"Medium"
"15",43,"sample-43","26","B.26.2","Facility 2",2022,"Fall","During","Warehouse","Door",19500,4.29003461136252,FALSE,"Medium"
"16",44,"sample-44","26","B.26.4","Facility 2",2023,"Spring","During","Warehouse","Door",1360,3.13353890837022,FALSE,"Medium"
"17",46,"sample-46","27","B.27.2","Facility 2",2022,"Fall","During","Warehouse","Forklift/Pallet Jack",1080,3.03342375548695,TRUE,"Medium"
"18",47,"sample-47","27","B.27.4","Facility 2",2023,"Spring","During","Warehouse","Forklift/Pallet Jack",2000,3.30102999566398,TRUE,"Medium"
"19",50,"sample-50","28","B.28.4","Facility 2",2023,"Spring","During","Warehouse","Floor Object",9680,3.98587535730839,FALSE,"Medium"
"20",52,"sample-52","29","B.29.4","Facility 2",2023,"Spring","During","Warehouse","Cleaning Tools",3720,3.5705429398819,TRUE,"Medium"
"21",54,"sample-54","3","B.03.2","Facility 2",2022,"Fall","During","Raw","Hose",1160,3.06445798922692,FALSE,"Medium"
"22",56,"sample-56","3","B.03.3","Facility 2",2023,"Winter","During","Raw","Hose",4440,3.64738297011462,TRUE,"Medium"
"23",60,"sample-60","31","B.31.2","Facility 2",2022,"Fall","During","Warehouse","Forklift/Pallet Jack",5500,3.74036268949424,TRUE,"Medium"
"24",61,"sample-61","31","B.31.4","Facility 2",2023,"Spring","During","Warehouse","Forklift/Pallet Jack",9480,3.97680833733807,TRUE,"Medium"
"25",62,"sample-62","31","B.31.3","Facility 2",2023,"Winter","During","Warehouse","Forklift/Pallet Jack",1840,3.26481782300954,TRUE,"Medium"
"26",63,"sample-63","32","B.32.2","Facility 2",2022,"Fall","During","Warehouse","Forklift/Pallet Jack",8000,3.90308998699194,TRUE,"Medium"
"27",64,"sample-64","32","B.32.4","Facility 2",2023,"Spring","During","Warehouse","Forklift/Pallet Jack",4600,3.66275783168157,TRUE,"Medium"
"28",65,"sample-65","32","B.32.3","Facility 2",2023,"Winter","During","Warehouse","Forklift/Pallet Jack",2440,3.38738982633873,TRUE,"Medium"
"29",67,"sample-67","33","B.33.4","Facility 2",2023,"Spring","During","Warehouse","Door",1240,3.09342168516224,TRUE,"Medium"
"30",68,"sample-68","33","B.33.3","Facility 2",2023,"Winter","During","Warehouse","Door",1280,3.10720996964787,TRUE,"Medium"
"31",70,"sample-70","4","B.04.4","Facility 2",2023,"Spring","During","Raw","Cleaning Tools",5480,3.73878055848437,FALSE,"Medium"
"32",71,"sample-71","4","B.04.3","Facility 2",2023,"Winter","During","Raw","Cleaning Tools",3280,3.51587384371168,TRUE,"Medium"
"33",79,"sample-79","8","B.08.2","Facility 2",2022,"Fall","During","Raw","Floor Object",11500,4.06069784035361,TRUE,"Medium"
"34",80,"sample-80","8","B.08.4","Facility 2",2023,"Spring","During","Raw","Floor Object",3160,3.4996870826184,TRUE,"Medium"
"35",81,"sample-81","8","B.08.3","Facility 2",2023,"Winter","During","Raw","Floor Object",22900,4.35983548233989,TRUE,"Medium"
"36",83,"sample-83","E1","B.E1.4","Facility 2",2023,"Spring","During","Filling","Non-FPE Structure",4240,3.62736585659273,TRUE,"Medium"
"37",85,"sample-85","E2","B.E2.4","Facility 2",2023,"Spring","During","Filling","Forklift/Pallet Jack",72000,4.85733249643127,TRUE,"Medium"
"38",87,"sample-87","E4","B.E4.4","Facility 2",2023,"Spring","During","Warehouse","Conveyor",5520,3.7419390777292,FALSE,"Medium"
"39",88,"sample-88","E5","B.E5.4","Facility 2",2023,"Spring","During","Warehouse","Door",8480,3.92839585225671,TRUE,"Medium"
"40",89,"sample-89","E6","B.E6.4","Facility 2",2023,"Spring","During","Warehouse","Non-FPE Structure",7040,3.84757265914211,TRUE,"Medium"
"41",91,"sample-91","E8","B.E8.4","Facility 2",2023,"Spring","During","Office/Hallway","Floor Object",7440,3.87157293554588,TRUE,"Medium"
"42",95,"sample-97","E10","NL.E10.3","Facility 3",2023,"Winter","During","Warehouse","Drain",8520,3.9304395947667,TRUE,"Medium"
"43",96,"sample-98","E11","NL.E11.2","Facility 3",2022,"Fall","During","Filling","FPE Structure",1440,3.15836249209525,FALSE,"Medium"
"44",97,"sample-99","E11","NL.E11.3","Facility 3",2023,"Winter","During","Filling","FPE Structure",18200,4.26007138798508,TRUE,"Medium"
"45",102,"sample-104","E1","B.E1.3","Facility 2",2023,"Winter","During","Filling","Non-FPE Structure",25500,4.40654018043396,FALSE,"Medium"
"46",105,"sample-107","E2","B.E2.2","Facility 2",2022,"Fall","During","Filling","Forklift/Pallet Jack",7500,3.8750612633917,FALSE,"Medium"
"47",106,"sample-108","E2","B.E2.3","Facility 2",2023,"Winter","During","Filling","Forklift/Pallet Jack",2320,3.3654879848909,TRUE,"Medium"
"48",107,"sample-109","E2","NL.E2.2","Facility 3",2022,"Fall","During","Office/Hallway","Non-FPE Structure",35000,4.54406804435028,TRUE,"Medium"
"49",108,"sample-110","E2","NL.E2.3","Facility 3",2023,"Winter","During","Office/Hallway","Non-FPE Structure",4440,3.64738297011462,TRUE,"Medium"
"50",111,"sample-113","E3","B.E3.2","Facility 2",2022,"Fall","During","Filling","Non-FPE Structure",1950,3.29003461136252,TRUE,"Medium"
"51",115,"sample-117","E4","B.E4.2","Facility 2",2022,"Fall","During","Warehouse","Conveyor",1520,3.18184358794477,TRUE,"Medium"
"52",116,"sample-118","E4","B.E4.3","Facility 2",2023,"Winter","During","Warehouse","Conveyor",2800,3.44715803134222,TRUE,"Medium"
"53",122,"sample-124","E5","B.E5.3","Facility 2",2023,"Winter","During","Warehouse","Door",4120,3.61489721603313,TRUE,"Medium"
"54",123,"sample-125","E5","NL.E5.2","Facility 3",2022,"Fall","During","Filling","Non-FPE Structure",90000,4.95424250943933,TRUE,"Medium"
"55",126,"sample-128","E6","B.E6.2","Facility 2",2022,"Fall","During","Warehouse","Non-FPE Structure",4000,3.60205999132796,TRUE,"Medium"
"56",132,"sample-134","E7","B.E7.3","Facility 2",2023,"Winter","During","Warehouse","Non-FPE Structure",1800,3.25527250510331,TRUE,"Medium"
"57",134,"sample-136","E7","WS.E7.2","Facility 1",2022,"Fall","During","Raw","Floor Object",11000,4.04139268515823,TRUE,"Medium"
"58",136,"sample-138","E8","B.E8.2","Facility 2",2022,"Fall","During","Office/Hallway","Floor Object",4500,3.65321251377534,TRUE,"Medium"
"59",137,"sample-139","E8","B.E8.3","Facility 2",2023,"Winter","During","Office/Hallway","Floor Object",6200,3.79239168949825,TRUE,"Medium"
"60",138,"sample-140","E8","NL.E8.2","Facility 3",2022,"Fall","During","Warehouse","Wall/Ceiling",1590,3.20139712432045,TRUE,"Medium"
"61",146,"sample-152","1","NL.01.3","Facility 3",2023,"Winter","During","Raw","Floor Object",5000,3.69897000433602,TRUE,"Medium"
"62",150,"sample-156","11","NL.11.2","Facility 3",2022,"Fall","During","Post-Pasteurization ","Cart/Rolling Bins",10500,4.02118929906994,FALSE,"Medium"
"63",162,"sample-168","15","NL.15.4","Facility 3",2023,"Spring","During","Post-Pasteurization ","Floor Object",21200,4.32633586092875,TRUE,"Medium"
"64",163,"sample-169","15","NL.15.3","Facility 3",2023,"Winter","During","Post-Pasteurization ","Floor Object",11500,4.06069784035361,TRUE,"Medium"
"65",164,"sample-170","17","NL.17.2","Facility 3",2022,"Fall","During","Post-Pasteurization ","Hose",2940,3.46834733041216,TRUE,"Medium"
"66",165,"sample-171","17","NL.17.4","Facility 3",2023,"Spring","During","Post-Pasteurization ","Hose",7600,3.88081359228079,TRUE,"Medium"
"67",166,"sample-172","17","NL.17.3","Facility 3",2023,"Winter","During","Post-Pasteurization ","Hose",6800,3.83250891270624,TRUE,"Medium"
"68",167,"sample-173","3","NL.02.2","Facility 3",2022,"Fall","During","Raw","Non-FPE Structure",93000,4.96848294855393,FALSE,"Medium"
"69",171,"sample-177","21","NL.21.2","Facility 3",2022,"Fall","During","Warehouse","Forklift/Pallet Jack",2050,3.31175386105575,TRUE,"Medium"
"70",173,"sample-179","21","NL.21.3","Facility 3",2023,"Winter","During","Warehouse","Forklift/Pallet Jack",9880,3.99475694458763,TRUE,"Medium"
"71",175,"sample-181","22","NL.22.3","Facility 3",2023,"Winter","During","Filling","Drain",13600,4.13353890837022,TRUE,"Medium"
"72",176,"sample-182","23","NL.23.2","Facility 3",2022,"Fall","During","Filling","Drain",1840,3.26481782300954,TRUE,"Medium"
"73",178,"sample-184","23","NL.23.3","Facility 3",2023,"Winter","During","Filling","Drain",5120,3.70926996097583,TRUE,"Medium"
"74",179,"sample-185","24","NL.24.4","Facility 3",2023,"Spring","During","Filling","Conveyor",3480,3.54157924394658,TRUE,"Medium"
"75",182,"sample-188","26","NL.26.2","Facility 3",2022,"Fall","During","Filling","Drain",11500,4.06069784035361,TRUE,"Medium"
"76",183,"sample-189","26","NL.26.4","Facility 3",2023,"Spring","During","Filling","Drain",66200,4.8208579894397,TRUE,"Medium"
"77",186,"sample-192","28","NL.28.2","Facility 3",2022,"Fall","During","Filling","Conveyor",11500,4.06069784035361,TRUE,"Medium"
"78",187,"sample-193","28","NL.28.3","Facility 3",2023,"Winter","During","Filling","Conveyor",6080,3.78390357927274,TRUE,"Medium"
"79",192,"sample-198","30","NL.30.4","Facility 3",2023,"Spring","During","Filling","Hose",1120,3.04921802267018,TRUE,"Medium"
"80",197,"sample-203","32","NL.32.3","Facility 3",2023,"Winter","During","Filling","FPE Structure",21100,4.32428245529769,TRUE,"Medium"
"81",198,"sample-204","33","NL.33.2","Facility 3",2022,"Fall","During","Filling","Door",3870,3.58771096501891,TRUE,"Medium"
"82",207,"sample-213","37","NL.37.3","Facility 3",2023,"Winter","During","Filling","Conveyor",3920,3.59328606702046,TRUE,"Medium"
"83",209,"sample-215","38","NL.38.3","Facility 3",2023,"Winter","During","Filling","FPE Structure",1080,3.03342375548695,TRUE,"Medium"
"84",213,"sample-219","4","NL.04.2","Facility 3",2022,"Fall","During","Warehouse","Forklift/Pallet Jack",10500,4.02118929906994,TRUE,"Medium"
"85",214,"sample-220","4","NL.04.4","Facility 3",2023,"Spring","During","Warehouse","Forklift/Pallet Jack",6560,3.81690383937566,TRUE,"Medium"
"86",216,"sample-222","40","NL.40.2","Facility 3",2022,"Fall","During","Filling","Drain",15000,4.17609125905568,TRUE,"Medium"
"87",218,"sample-224","40","NL.40.3","Facility 3",2023,"Winter","During","Filling","Drain",14200,4.15228834438306,TRUE,"Medium"
"88",222,"sample-228","42","NL.42.2","Facility 3",2022,"Fall","During","Filling","Hose",2030,3.30749603791321,FALSE,"Medium"
"89",224,"sample-230","42","NL.42.3","Facility 3",2023,"Winter","During","Filling","Hose",48600,4.68663626926229,TRUE,"Medium"
"90",226,"sample-232","43","NL.43.4","Facility 3",2023,"Spring","During","Filling","Drain",16700,4.22271647114758,TRUE,"Medium"
"91",229,"sample-235","44","NL.44.4","Facility 3",2023,"Spring","During","Filling","Non-FPE Structure",1320,3.12057393120585,FALSE,"Medium"
"92",231,"sample-237","45","NL.45.2","Facility 3",2022,"Fall","During","Filling","Drain",52500,4.72015930340596,TRUE,"Medium"
"93",233,"sample-239","46","NL.46.2","Facility 3",2022,"Fall","During","Filling","Non-FPE Structure",1020,3.00860017176192,FALSE,"Medium"
"94",234,"sample-240","46","NL.46.4","Facility 3",2023,"Spring","During","Filling","Non-FPE Structure",1320,3.12057393120585,TRUE,"Medium"
"95",238,"sample-244","47","NL.47.3","Facility 3",2023,"Winter","During","Filling","FPE Structure",2720,3.4345689040342,TRUE,"Medium"
"96",242,"sample-248","5","NL.05.2","Facility 3",2022,"Fall","During","Warehouse","Cleaning Tools",1140,3.05690485133647,FALSE,"Medium"
"97",246,"sample-252","50","NL.50.4","Facility 3",2023,"Spring","During","Warehouse","Floor Object",14700,4.16731733474818,TRUE,"Medium"
"98",247,"sample-253","50","NL.50.3","Facility 3",2023,"Winter","During","Warehouse","Floor Object",2160,3.33445375115093,TRUE,"Medium"
"99",250,"sample-256","51","NL.51.3","Facility 3",2023,"Winter","During","Warehouse","Fan/Vent",5600,3.7481880270062,TRUE,"Medium"
"100",251,"sample-257","52","NL.52.2","Facility 3",2022,"Fall","During","Warehouse","Forklift/Pallet Jack",10000,4,FALSE,"Medium"
"101",252,"sample-258","52","NL.52.4","Facility 3",2023,"Spring","During","Warehouse","Forklift/Pallet Jack",3920,3.59328606702046,TRUE,"Medium"
"102",253,"sample-259","52","NL.52.3","Facility 3",2023,"Winter","During","Warehouse","Forklift/Pallet Jack",13200,4.12057393120585,TRUE,"Medium"
"103",255,"sample-261","6","NL.06.4","Facility 3",2023,"Spring","During","Warehouse","Non-FPE Structure",2000,3.30102999566398,TRUE,"Medium"
"104",265,"sample-271","E10","NL.E10.4","Facility 3",2023,"Spring","During","Warehouse","Drain",11200,4.04921802267018,TRUE,"Medium"
"105",266,"sample-272","E11","NL.E11.4","Facility 3",2023,"Spring","During","Filling","FPE Structure",9760,3.98944981766669,TRUE,"Medium"
"106",267,"sample-273","E12","NL.E12.4","Facility 3",2023,"Spring","During","Filling","FPE Structure",1320,3.12057393120585,FALSE,"Medium"
"107",269,"sample-275","E14","NL.E14.4","Facility 3",2023,"Spring","During","Filling","Conveyor",9400,3.9731278535997,FALSE,"Medium"
"108",274,"sample-280","E27","NL.E27.4","Facility 3",2023,"Spring","During","Filling","Conveyor",6760,3.82994669594164,FALSE,"Medium"
"109",276,"sample-282","E8","NL.E8.4","Facility 3",2023,"Spring","During","Warehouse","Wall/Ceiling",22900,4.35983548233989,TRUE,"Medium"
"110",279,"sample-285","10","WS.10.2","Facility 1",2022,"Fall","During","Raw","Hose",13500,4.13033376849501,TRUE,"Medium"
"111",285,"sample-291","12","WS.12.2","Facility 1",2022,"Fall","During","Raw","Fan/Vent",21500,4.3324384599156,TRUE,"Medium"
"112",286,"sample-292","12","WS.12.4","Facility 1",2023,"Spring","During","Raw","Fan/Vent",6040,3.78103693862113,TRUE,"Medium"
"113",288,"sample-294","13","WS.13.2","Facility 1",2022,"Fall","During","Raw","FPE Structure",51000,4.70757017609794,TRUE,"Medium"
"114",291,"sample-297","14","WS.14.2","Facility 1",2022,"Fall","During","Warehouse","Floor Object",3360,3.52633927738984,TRUE,"Medium"
"115",297,"sample-303","16","WS.16.4","Facility 1",2023,"Spring","During","Warehouse","Floor Object",3920,3.59328606702046,TRUE,"Medium"
"116",299,"sample-305","17","WS.17.4","Facility 1",2023,"Spring","During","Warehouse","Cleaning Tools",3480,3.54157924394658,FALSE,"Medium"
"117",300,"sample-306","17","WS.17.3","Facility 1",2023,"Winter","During","Warehouse","Cleaning Tools",5040,3.70243053644553,TRUE,"Medium"
"118",305,"sample-311","20","WS.20.2","Facility 1",2022,"Fall","During","Post-Pasteurization ","Drain",6500,3.81291335664286,TRUE,"Medium"
"119",308,"sample-314","21","WS.21.2","Facility 1",2022,"Fall","During","Post-Pasteurization ","Door",1800,3.25527250510331,TRUE,"Medium"
"120",310,"sample-316","21","WS.21.3","Facility 1",2023,"Winter","During","Post-Pasteurization ","Door",1840,3.26481782300954,TRUE,"Medium"
"121",312,"sample-318","23","WS.23.2","Facility 1",2022,"Fall","During","Post-Pasteurization ","Hose",8500,3.92941892571429,TRUE,"Medium"
"122",313,"sample-319","23","WS.23.3","Facility 1",2023,"Winter","During","Post-Pasteurization ","Hose",5320,3.72591163229505,FALSE,"Medium"
"123",315,"sample-321","24","WS.24.4","Facility 1",2023,"Spring","During","Post-Pasteurization ","Floor Object",8120,3.90955602924118,TRUE,"Medium"
"124",318,"sample-324","25","WS.25.4","Facility 1",2023,"Spring","During","Post-Pasteurization ","FPE Structure",27000,4.43136376415899,TRUE,"Medium"
"125",322,"sample-328","26","WS.26.3","Facility 1",2023,"Winter","During","Post-Pasteurization ","Hose",46400,4.66651798055488,TRUE,"Medium"
"126",323,"sample-329","27","WS.27.2","Facility 1",2022,"Fall","During","Post-Pasteurization ","Hose",38500,4.5854607295085,TRUE,"Medium"
"127",324,"sample-330","27","WS.27.4","Facility 1",2023,"Spring","During","Post-Pasteurization ","Hose",6640,3.82216807936802,TRUE,"Medium"
"128",325,"sample-331","27","WS.27.3","Facility 1",2023,"Winter","During","Post-Pasteurization ","Hose",18200,4.26007138798508,TRUE,"Medium"
"129",327,"sample-333","28","WS.28.4","Facility 1",2023,"Spring","During","Post-Pasteurization ","FPE Structure",36700,4.56466606425209,TRUE,"Medium"
"130",330,"sample-336","29","WS.29.4","Facility 1",2023,"Spring","During","Post-Pasteurization ","Floor Object",14800,4.17026171539496,TRUE,"Medium"
"131",331,"sample-337","29","WS.29.3","Facility 1",2023,"Winter","During","Post-Pasteurization ","Floor Object",2680,3.42813479402879,TRUE,"Medium"
"132",333,"sample-339","30","WS.30.3","Facility 1",2023,"Winter","During","Post-Pasteurization ","Cart/Rolling Bins",45100,4.65417654187796,TRUE,"Medium"
"133",335,"sample-341","31","WS.31.4","Facility 1",2023,"Spring","During","Post-Pasteurization ","FPE Structure",12000,4.07918124604763,TRUE,"Medium"
"134",343,"sample-349","36","WS.36.2","Facility 1",2022,"Fall","During","Post-Pasteurization ","Wall/Ceiling",27000,4.43136376415899,TRUE,"Medium"
"135",345,"sample-351","36","WS.36.3","Facility 1",2023,"Winter","During","Post-Pasteurization ","Wall/Ceiling",13400,4.12710479836481,TRUE,"Medium"
"136",350,"sample-356","39","WS.39.4","Facility 1",2023,"Spring","During","Filling","Forklift/Pallet Jack",3400,3.53147891704225,TRUE,"Medium"
"137",355,"sample-361","40","WS.40.2","Facility 1",2022,"Fall","During","Filling","Cart/Rolling Bins",89500,4.95182303531591,TRUE,"Medium"
"138",359,"sample-365","41","WS.41.4","Facility 1",2023,"Spring","During","Filling","Cart/Rolling Bins",60000,4.77815125038364,FALSE,"Medium"
"139",361,"sample-367","42","WS.42.2","Facility 1",2022,"Fall","During","Filling","Drain",1250,3.09691001300806,TRUE,"Medium"
"140",362,"sample-368","42","WS.42.4","Facility 1",2023,"Spring","During","Filling","Drain",16100,4.20682587603185,TRUE,"Medium"
"141",368,"sample-374","44","WS.44.4","Facility 1",2023,"Spring","During","Filling","Floor Object",14000,4.14612803567824,TRUE,"Medium"
"142",376,"sample-382","47","WS.47.4","Facility 1",2023,"Spring","During","Warehouse","Door",1720,3.23552844690755,FALSE,"Medium"
"143",378,"sample-384","48","WS.48.2","Facility 1",2022,"Fall","During","Warehouse","Door",5500,3.74036268949424,TRUE,"Medium"
"144",379,"sample-385","48","WS.48.4","Facility 1",2023,"Spring","During","Warehouse","Door",1280,3.10720996964787,TRUE,"Medium"
"145",380,"sample-386","48","WS.48.3","Facility 1",2023,"Winter","During","Warehouse","Door",2040,3.3096301674259,TRUE,"Medium"
"146",382,"sample-388","49","WS.49.4","Facility 1",2023,"Spring","During","Warehouse","Fan/Vent",2840,3.45331834004704,TRUE,"Medium"
"147",383,"sample-389","49","WS.49.3","Facility 1",2023,"Winter","During","Warehouse","Fan/Vent",1200,3.07918124604762,FALSE,"Medium"
"148",389,"sample-395","50","WS.50.3","Facility 1",2023,"Winter","During","Warehouse","Fan/Vent",1560,3.19312459835446,TRUE,"Medium"
"149",391,"sample-397","51","WS.51.4","Facility 1",2023,"Spring","During","Post-Pasteurization ","FPE Structure",15500,4.19033169817029,TRUE,"Medium"
"150",392,"sample-398","51","WS.51.3","Facility 1",2023,"Winter","During","Post-Pasteurization ","FPE Structure",1200,3.07918124604762,TRUE,"Medium"
"151",393,"sample-399","6","WS.06.2","Facility 1",2022,"Fall","During","Warehouse","Forklift/Pallet Jack",7500,3.8750612633917,TRUE,"Medium"
"152",409,"sample-415","E5","WS.E5.4","Facility 1",2023,"Spring","During","Warehouse","Conveyor",80000,4.90308998699194,TRUE,"Medium"
"153",410,"sample-416","E6","WS.E6.4","Facility 1",2023,"Spring","During","Office/Hallway","Floor Object",34700,4.54032947479087,TRUE,"Medium"
"154",417,"sample-427","13A","B.13A.1","Facility 2",2022,"Summer","Before","Post-Pasteurization ","Floor Object",4630,3.66558099101795,FALSE,"Medium"
"155",423,"sample-433","1B","B.01B.1","Facility 2",2022,"Summer","During","Raw","Drain",3500,3.54406804435028,FALSE,"Medium"
"156",424,"sample-434","20A","B.20A.1","Facility 2",2022,"Summer","Before","Filling","Non-FPE Structure",22600,4.3541084391474,FALSE,"Medium"
"157",426,"sample-436","23B","B.23B.1","Facility 2",2022,"Summer","During","Filling","FPE Structure",15000,4.17609125905568,FALSE,"Medium"
"158",429,"sample-439","26A","B.26A.1","Facility 2",2022,"Summer","Before","Warehouse","Door",1090,3.03742649794062,TRUE,"Medium"
"159",431,"sample-441","27A","B.27A.1","Facility 2",2022,"Summer","Before","Warehouse","Forklift/Pallet Jack",1400,3.14612803567824,TRUE,"Medium"
"160",432,"sample-442","28A","B.28A.1","Facility 2",2022,"Summer","Before","Warehouse","Floor Object",1250,3.09691001300806,TRUE,"Medium"
"161",433,"sample-443","29B","B.29B.1","Facility 2",2022,"Summer","During","Warehouse","Cleaning Tools",1510,3.17897694729317,FALSE,"Medium"
"162",438,"sample-448","33B","B.33B.1","Facility 2",2022,"Summer","During","Warehouse","Door",2490,3.39619934709574,FALSE,"Medium"
"163",449,"sample-460","13","NL.13.1","Facility 3",2022,"Summer","During","Post-Pasteurization ","Drain",16000,4.20411998265593,TRUE,"Medium"
"164",451,"sample-462","15","NL.15.1","Facility 3",2022,"Summer","During","Post-Pasteurization ","Floor Object",1500,3.17609125905568,TRUE,"Medium"
"165",453,"sample-464","2","NL.02.1","Facility 3",2022,"Summer","During","Raw","Non-FPE Structure",1120,3.04921802267018,TRUE,"Medium"
"166",455,"sample-466","23","NL.23.1","Facility 3",2022,"Summer","During","Filling","Drain",1600,3.20411998265592,TRUE,"Medium"
"167",456,"sample-467","24","NL.24.1","Facility 3",2022,"Summer","During","Filling","Conveyor",2260,3.3541084391474,TRUE,"Medium"
"168",460,"sample-471","31","NL.31.1","Facility 3",2022,"Summer","During","Filling","Door",80000,4.90308998699194,TRUE,"Medium"
"169",461,"sample-472","33","NL.33.1","Facility 3",2022,"Summer","During","Filling","Door",80000,4.90308998699194,TRUE,"Medium"
"170",462,"sample-473","35","NL.35.1","Facility 3",2022,"Summer","During","Warehouse","Door",5000,3.69897000433602,TRUE,"Medium"
"171",464,"sample-475","38","NL.38.1","Facility 3",2022,"Summer","During","Filling","FPE Structure",8000,3.90308998699194,TRUE,"Medium"
"172",465,"sample-476","4","NL.04.1","Facility 3",2022,"Summer","During","Warehouse","Forklift/Pallet Jack",25000,4.39794000867204,TRUE,"Medium"
"173",468,"sample-479","43","NL.43.1","Facility 3",2022,"Summer","During","Filling","Drain",21500,4.3324384599156,TRUE,"Medium"
"174",470,"sample-481","5","NL.05.1","Facility 3",2022,"Summer","During","Warehouse","Cleaning Tools",2800,3.44715803134222,TRUE,"Medium"
"175",472,"sample-483","52","NL.52.1","Facility 3",2022,"Summer","During","Warehouse","Forklift/Pallet Jack",1100,3.04139268515822,TRUE,"Medium"
"176",473,"sample-484","7","NL.07.1","Facility 3",2022,"Summer","During","Warehouse","Door",15000,4.17609125905568,TRUE,"Medium"
"177",476,"sample-487","12","WS.12.1","Facility 1",2022,"Summer","During","Raw","Fan/Vent",3710,3.56937390961505,FALSE,"Medium"
"178",478,"sample-489","16","WS.16.1","Facility 1",2022,"Summer","During","Warehouse","Floor Object",1800,3.25527250510331,FALSE,"Medium"
"179",480,"sample-491","25","WS.25.1","Facility 1",2022,"Summer","During","Post-Pasteurization ","FPE Structure",1780,3.25042000230889,TRUE,"Medium"
"180",481,"sample-492","26","WS.26.1","Facility 1",2022,"Summer","During","Post-Pasteurization ","Hose",8000,3.90308998699194,FALSE,"Medium"
"181",482,"sample-493","27","WS.27.1","Facility 1",2022,"Summer","During","Post-Pasteurization ","Hose",39000,4.5910646070265,TRUE,"Medium"
"182",483,"sample-494","28","WS.28.1","Facility 1",2022,"Summer","During","Post-Pasteurization ","FPE Structure",24500,4.38916608436453,FALSE,"Medium"
"183",486,"sample-497","31","WS.31.1","Facility 1",2022,"Summer","During","Post-Pasteurization ","FPE Structure",15600,4.19312459835446,FALSE,"Medium"
"184",490,"sample-501","40","WS.40.1","Facility 1",2022,"Summer","During","Filling","Cart/Rolling Bins",72000,4.85733249643127,FALSE,"Medium"
"185",491,"sample-502","41","WS.41.1","Facility 1",2022,"Summer","During","Filling","Cart/Rolling Bins",35500,4.55022835305509,TRUE,"Medium"
"186",492,"sample-503","42","WS.42.1","Facility 1",2022,"Summer","During","Filling","Drain",42000,4.6232492903979,FALSE,"Medium"
"187",494,"sample-505","44","WS.44.1","Facility 1",2022,"Summer","During","Filling","Floor Object",1500,3.17609125905568,TRUE,"Medium"
"188",496,"sample-507","46","WS.46.1","Facility 1",2022,"Summer","During","Warehouse","Drain",43000,4.63346845557959,FALSE,"Medium"
"189",501,"sample-512","51","WS.51.1","Facility 1",2022,"Summer","During","Post-Pasteurization ","FPE Structure",11200,4.04921802267018,FALSE,"Medium"
"190",5,"sample-5","10","B.10.3","Facility 2",2023,"Winter","During","Raw","Cleaning Tools",0,0,TRUE,"Low"
"191",6,"sample-6","11","B.11.2","Facility 2",2022,"Fall","During","Raw","Cleaning Tools",20,1.30102999566398,FALSE,"Low"
"192",7,"sample-7","11","B.11.4","Facility 2",2023,"Spring","During","Raw","Cleaning Tools",960,2.98227123303957,FALSE,"Low"
"193",8,"sample-8","11","B.11.3","Facility 2",2023,"Winter","During","Raw","Cleaning Tools",200,2.30102999566398,FALSE,"Low"
"194",15,"sample-15","15","B.15.3","Facility 2",2023,"Winter","During","Filling","Conveyor",1000,3,TRUE,"Low"
"195",22,"sample-22","18","B.18.2","Facility 2",2022,"Fall","During","Filling","Wall/Ceiling",95,1.97772360528885,TRUE,"Low"
"196",25,"sample-25","19","B.19.2","Facility 2",2022,"Fall","During","Filling","Cart/Rolling Bins",0,0,FALSE,"Low"
"197",28,"sample-28","2","B.02.2","Facility 2",2022,"Fall","During","Raw","Hose",20,1.30102999566398,TRUE,"Low"
"198",29,"sample-29","2","B.02.4","Facility 2",2023,"Spring","During","Raw","Hose",160,2.20411998265592,TRUE,"Low"
"199",30,"sample-30","2","B.02.3","Facility 2",2023,"Winter","During","Raw","Hose",760,2.88081359228079,TRUE,"Low"
"200",31,"sample-31","20","B.20.2","Facility 2",2022,"Fall","During","Filling","Non-FPE Structure",130,2.11394335230684,TRUE,"Low"
"201",33,"sample-33","20","B.20.3","Facility 2",2023,"Winter","During","Filling","Non-FPE Structure",400,2.60205999132796,TRUE,"Low"
"202",40,"sample-40","25","B.25.2","Facility 2",2022,"Fall","During","Warehouse","Fan/Vent",85,1.92941892571429,FALSE,"Low"
"203",45,"sample-45","26","B.26.3","Facility 2",2023,"Winter","During","Warehouse","Door",160,2.20411998265592,TRUE,"Low"
"204",48,"sample-48","27","B.27.3","Facility 2",2023,"Winter","During","Warehouse","Forklift/Pallet Jack",0,0,TRUE,"Low"
"205",49,"sample-49","28","B.28.2","Facility 2",2022,"Fall","During","Warehouse","Floor Object",725,2.86033800657099,TRUE,"Low"
"206",51,"sample-51","28","B.28.3","Facility 2",2023,"Winter","During","Warehouse","Floor Object",680,2.83250891270624,TRUE,"Low"
"207",53,"sample-53","29","B.29.3","Facility 2",2023,"Winter","During","Warehouse","Cleaning Tools",240,2.38021124171161,TRUE,"Low"
"208",55,"sample-55","3","B.03.4","Facility 2",2023,"Spring","During","Raw","Hose",880,2.94448267215017,TRUE,"Low"
"209",66,"sample-66","33","B.33.2","Facility 2",2022,"Fall","During","Warehouse","Door",700,2.84509804001426,TRUE,"Low"
"210",69,"sample-69","4","B.04.2","Facility 2",2022,"Fall","During","Raw","Cleaning Tools",535,2.72835378202123,TRUE,"Low"
"211",72,"sample-72","5","B.05.2","Facility 2",2022,"Fall","During","Raw","Door",340,2.53147891704225,TRUE,"Low"
"212",73,"sample-73","5","B.05.4","Facility 2",2023,"Spring","During","Raw","Door",80,1.90308998699194,FALSE,"Low"
"213",74,"sample-74","5","B.05.3","Facility 2",2023,"Winter","During","Raw","Door",360,2.55630250076729,FALSE,"Low"
"214",75,"sample-75","6","B.06.2","Facility 2",2022,"Fall","During","Raw","Floor Object",35,1.54406804435028,TRUE,"Low"
"215",76,"sample-76","7","B.07.2","Facility 2",2022,"Fall","During","Raw","Drain",35,1.54406804435028,FALSE,"Low"
"216",77,"sample-77","7","B.07.4","Facility 2",2023,"Spring","During","Raw","Drain",480,2.68124123737559,TRUE,"Low"
"217",78,"sample-78","7","B.07.3","Facility 2",2023,"Winter","During","Raw","Drain",40,1.60205999132796,FALSE,"Low"
"218",82,"sample-82","9","B.09.2","Facility 2",2022,"Fall","During","Raw","Cart/Rolling Bins",135,2.13033376849501,FALSE,"Low"
"219",84,"sample-84","E10","B.E10.4","Facility 2",2023,"Spring","During","Post-Pasteurization ","Non-FPE Structure",0,0,TRUE,"Low"
"220",90,"sample-90","E7","B.E7.4","Facility 2",2023,"Spring","During","Warehouse","Non-FPE Structure",160,2.20411998265592,TRUE,"Low"
"221",92,"sample-92","E9","B.E9.4","Facility 2",2023,"Spring","During","Post-Pasteurization ","FPE Structure",200,2.30102999566398,TRUE,"Low"
"222",93,"sample-95","E10","B.E10.3","Facility 2",2023,"Winter","During","Post-Pasteurization ","Non-FPE Structure",40,1.60205999132796,TRUE,"Low"
"223",94,"sample-96","E10","NL.E10.2","Facility 3",2022,"Fall","During","Warehouse","Drain",390,2.5910646070265,TRUE,"Low"
"224",99,"sample-101","E12","NL.E12.3","Facility 3",2023,"Winter","During","Filling","FPE Structure",760,2.88081359228079,FALSE,"Low"
"225",101,"sample-103","E1","B.E1.2","Facility 2",2022,"Fall","During","Filling","Non-FPE Structure",255,2.40654018043396,TRUE,"Low"
"226",103,"sample-105","E1","NL.E1.2","Facility 3",2022,"Fall","During","Office/Hallway","Non-FPE Structure",0,0,FALSE,"Low"
"227",104,"sample-106","E1","WS.E1.2","Facility 1",2022,"Fall","During","Warehouse","Non-FPE Structure",0,0,FALSE,"Low"
"228",112,"sample-114","E3","B.E3.3","Facility 2",2023,"Winter","During","Filling","Non-FPE Structure",80,1.90308998699194,TRUE,"Low"
"229",117,"sample-119","E4","NL.E4.2","Facility 3",2022,"Fall","During","Filling","Non-FPE Structure",0,0,TRUE,"Low"
"230",118,"sample-120","E4","NL.E4.3","Facility 3",2023,"Winter","During","Filling","Non-FPE Structure",160,2.20411998265592,TRUE,"Low"
"231",119,"sample-121","E4","WS.E4.2","Facility 1",2022,"Fall","During","Warehouse","Conveyor",940,2.9731278535997,TRUE,"Low"
"232",121,"sample-123","E5","B.E5.2","Facility 2",2022,"Fall","During","Warehouse","Door",575,2.75966784468963,TRUE,"Low"
"233",127,"sample-129","E6","B.E6.3","Facility 2",2023,"Winter","During","Warehouse","Non-FPE Structure",120,2.07918124604762,FALSE,"Low"
"234",131,"sample-133","E7","B.E7.2","Facility 2",2022,"Fall","During","Warehouse","Floor Object",715,2.85430604180108,TRUE,"Low"
"235",140,"sample-142","E8","WS.E8.3","Facility 1",2023,"Winter","During","Post-Pasteurization ","Door",600,2.77815125038364,TRUE,"Low"
"236",145,"sample-151","1","NL.01.4","Facility 3",2023,"Spring","During","Raw","Floor Object",480,2.68124123737559,TRUE,"Low"
"237",170,"sample-176","20","NL.20.3","Facility 3",2023,"Winter","During","Post-Pasteurization ","Wall/Ceiling",120,2.07918124604762,TRUE,"Low"
"238",172,"sample-178","21","NL.21.4","Facility 3",2023,"Spring","During","Warehouse","Forklift/Pallet Jack",840,2.92427928606188,TRUE,"Low"
"239",177,"sample-183","23","NL.23.4","Facility 3",2023,"Spring","During","Filling","Drain",0,0,TRUE,"Low"
"240",181,"sample-187","25","NL.25.2","Facility 3",2022,"Fall","During","Filling","Non-FPE Structure",0,0,TRUE,"Low"
"241",184,"sample-190","26","NL.26.3","Facility 3",2023,"Winter","During","Filling","Drain",40,1.60205999132796,FALSE,"Low"
"242",185,"sample-191","27","NL.27.2","Facility 3",2022,"Fall","During","Filling","Cleaning Tools",15,1.17609125905568,TRUE,"Low"
"243",188,"sample-194","29","NL.29.2","Facility 3",2022,"Fall","During","Filling","Wall/Ceiling",0,0,FALSE,"Low"
"244",189,"sample-195","3","NL.03.2","Facility 3",2022,"Fall","During","Warehouse","Forklift/Pallet Jack",160,2.20411998265592,FALSE,"Low"
"245",193,"sample-199","30","NL.30.3","Facility 3",2023,"Winter","During","Filling","Hose",0,0,TRUE,"Low"
"246",194,"sample-200","31","NL.31.2","Facility 3",2022,"Fall","During","Filling","Door",335,2.52504480703685,TRUE,"Low"
"247",195,"sample-201","31","NL.31.3","Facility 3",2023,"Winter","During","Filling","Door",200,2.30102999566398,TRUE,"Low"
"248",196,"sample-202","32","NL.32.2","Facility 3",2022,"Fall","During","Filling","FPE Structure",980,2.99122607569249,TRUE,"Low"
"249",199,"sample-205","33","NL.33.4","Facility 3",2023,"Spring","During","Filling","Door",160,2.20411998265592,FALSE,"Low"
"250",200,"sample-206","33","NL.33.3","Facility 3",2023,"Winter","During","Filling","Door",160,2.20411998265592,TRUE,"Low"
"251",202,"sample-208","35","NL.35.2","Facility 3",2022,"Fall","During","Warehouse","Door",65,1.81291335664286,TRUE,"Low"
"252",203,"sample-209","36","NL.36.2","Facility 3",2022,"Fall","During","Filling","FPE Structure",635,2.80277372529198,TRUE,"Low"
"253",204,"sample-210","36","NL.36.3","Facility 3",2023,"Winter","During","Filling","FPE Structure",760,2.88081359228079,TRUE,"Low"
"254",205,"sample-211","37","NL.37.2","Facility 3",2022,"Fall","During","Filling","Conveyor",125,2.09691001300806,TRUE,"Low"
"255",206,"sample-212","37","NL.37.4","Facility 3",2023,"Spring","During","Filling","Conveyor",240,2.38021124171161,FALSE,"Low"
"256",208,"sample-214","38","NL.38.4","Facility 3",2023,"Spring","During","Filling","FPE Structure",1000,3,TRUE,"Low"
"257",210,"sample-216","39","NL.39.2","Facility 3",2022,"Fall","During","Filling","Conveyor",35,1.54406804435028,TRUE,"Low"
"258",211,"sample-217","39","NL.39.4","Facility 3",2023,"Spring","During","Filling","Conveyor",360,2.55630250076729,TRUE,"Low"
"259",212,"sample-218","39","NL.39.3","Facility 3",2023,"Winter","During","Filling","Conveyor",600,2.77815125038364,TRUE,"Low"
"260",219,"sample-225","41","NL.41.2","Facility 3",2022,"Fall","During","Filling","Conveyor",30,1.47712125471966,TRUE,"Low"
"261",220,"sample-226","41","NL.41.4","Facility 3",2023,"Spring","During","Filling","Conveyor",520,2.7160033436348,TRUE,"Low"
"262",221,"sample-227","41","NL.41.3","Facility 3",2023,"Winter","During","Filling","Conveyor",480,2.68124123737559,TRUE,"Low"
"263",223,"sample-229","42","NL.42.4","Facility 3",2023,"Spring","During","Filling","Hose",240,2.38021124171161,TRUE,"Low"
"264",228,"sample-234","44","NL.44.2","Facility 3",2022,"Fall","During","Filling","Non-FPE Structure",25,1.39794000867204,TRUE,"Low"
"265",232,"sample-238","45","NL.45.3","Facility 3",2023,"Winter","During","Filling","Drain",720,2.85733249643127,FALSE,"Low"
"266",236,"sample-242","47","NL.47.2","Facility 3",2022,"Fall","During","Filling","FPE Structure",135,2.13033376849501,TRUE,"Low"
"267",239,"sample-245","48","NL.48.2","Facility 3",2022,"Fall","During","Filling","Door",40,1.60205999132796,FALSE,"Low"
"268",240,"sample-246","48","NL.48.4","Facility 3",2023,"Spring","During","Filling","Door",120,2.07918124604762,FALSE,"Low"
"269",241,"sample-247","48","NL.48.3","Facility 3",2023,"Winter","During","Filling","Door",440,2.64345267648619,FALSE,"Low"
"270",248,"sample-254","51","NL.51.2","Facility 3",2022,"Fall","During","Warehouse","Fan/Vent",360,2.55630250076729,TRUE,"Low"
"271",249,"sample-255","51","NL.51.4","Facility 3",2023,"Spring","During","Warehouse","Fan/Vent",280,2.44715803134222,TRUE,"Low"
"272",254,"sample-260","6","NL.06.2","Facility 3",2022,"Fall","During","Warehouse","Non-FPE Structure",240,2.38021124171161,TRUE,"Low"
"273",256,"sample-262","6","NL.06.3","Facility 3",2023,"Winter","During","Warehouse","Non-FPE Structure",440,2.64345267648619,TRUE,"Low"
"274",263,"sample-269","9","NL.09.4","Facility 3",2023,"Spring","During","Post-Pasteurization ","Non-FPE Structure",0,0,TRUE,"Low"
"275",270,"sample-276","E2","NL.E2.4","Facility 3",2023,"Spring","During","Office/Hallway","Non-FPE Structure",360,2.55630250076729,FALSE,"Low"
"276",271,"sample-277","E20","NL.E20.4","Facility 3",2023,"Spring","During","Filling","Conveyor",760,2.88081359228079,TRUE,"Low"
"277",272,"sample-278","E21","NL.E21.4","Facility 3",2023,"Spring","During","Filling","Conveyor",0,0,TRUE,"Low"
"278",273,"sample-279","E23","NL.E23.4","Facility 3",2023,"Spring","During","Filling","Conveyor",520,2.7160033436348,TRUE,"Low"
"279",275,"sample-281","E5","NL.E5.4","Facility 3",2023,"Spring","During","Filling","Non-FPE Structure",240,2.38021124171161,FALSE,"Low"
"280",287,"sample-293","12","WS.12.3","Facility 1",2023,"Winter","During","Raw","Fan/Vent",880,2.94448267215017,TRUE,"Low"
"281",290,"sample-296","13","WS.13.3","Facility 1",2023,"Winter","During","Raw","FPE Structure",840,2.92427928606188,TRUE,"Low"
"282",292,"sample-298","14","WS.14.4","Facility 1",2023,"Spring","During","Warehouse","Floor Object",80,1.90308998699194,TRUE,"Low"
"283",294,"sample-300","15","WS.15.2","Facility 1",2022,"Fall","During","Warehouse","Non-FPE Structure",710,2.85125834871908,FALSE,"Low"
"284",295,"sample-301","15","WS.15.4","Facility 1",2023,"Spring","During","Warehouse","Non-FPE Structure",80,1.90308998699194,TRUE,"Low"
"285",296,"sample-302","16","WS.16.2","Facility 1",2022,"Fall","During","Warehouse","Floor Object",365,2.56229286445647,TRUE,"Low"
"286",298,"sample-304","17","WS.17.2","Facility 1",2022,"Fall","During","Warehouse","Cleaning Tools",630,2.79934054945358,TRUE,"Low"
"287",301,"sample-307","18","WS.18.2","Facility 1",2022,"Fall","During","Warehouse","Wall/Ceiling",15,1.17609125905568,TRUE,"Low"
"288",302,"sample-308","18","WS.18.4","Facility 1",2023,"Spring","During","Warehouse","Wall/Ceiling",0,0,FALSE,"Low"
"289",303,"sample-309","18","WS.18.3","Facility 1",2023,"Winter","During","Warehouse","Wall/Ceiling",0,0,FALSE,"Low"
"290",304,"sample-310","19","WS.19.2","Facility 1",2022,"Fall","During","Post-Pasteurization ","Fan/Vent",0,0,TRUE,"Low"
"291",309,"sample-315","21","WS.21.4","Facility 1",2023,"Spring","During","Post-Pasteurization ","Door",720,2.85733249643127,FALSE,"Low"
"292",311,"sample-317","22","WS.22.2","Facility 1",2022,"Fall","During","Post-Pasteurization ","Cart/Rolling Bins",0,0,TRUE,"Low"
"293",314,"sample-320","24","WS.24.2","Facility 1",2022,"Fall","During","Post-Pasteurization ","Floor Object",275,2.43933269383026,TRUE,"Low"
"294",316,"sample-322","24","WS.24.3","Facility 1",2023,"Winter","During","Post-Pasteurization ","Floor Object",480,2.68124123737559,TRUE,"Low"
"295",317,"sample-323","25","WS.25.2","Facility 1",2022,"Fall","During","Post-Pasteurization ","FPE Structure",90,1.95424250943932,TRUE,"Low"
"296",320,"sample-326","26","WS.26.2","Facility 1",2022,"Fall","During","Post-Pasteurization ","Hose",5,0.698970004336019,TRUE,"Low"
"297",321,"sample-327","26","WS.26.4","Facility 1",2023,"Spring","During","Post-Pasteurization ","Hose",80,1.90308998699194,TRUE,"Low"
"298",329,"sample-335","29","WS.29.2","Facility 1",2022,"Fall","During","Post-Pasteurization ","Floor Object",0,0,FALSE,"Low"
"299",332,"sample-338","30","WS.30.4","Facility 1",2023,"Spring","During","Post-Pasteurization ","Cart/Rolling Bins",360,2.55630250076729,FALSE,"Low"
"300",337,"sample-343","33","WS.33.2","Facility 1",2022,"Fall","During","Post-Pasteurization ","Non-FPE Structure",370,2.56820172406699,TRUE,"Low"
"301",338,"sample-344","33","WS.33.4","Facility 1",2023,"Spring","During","Post-Pasteurization ","Non-FPE Structure",1,0,TRUE,"Low"
"302",339,"sample-345","33","WS.33.3","Facility 1",2023,"Winter","During","Post-Pasteurization ","Non-FPE Structure",1,0,FALSE,"Low"
"303",346,"sample-352","37","WS.37.2","Facility 1",2022,"Fall","During","Post-Pasteurization ","Non-FPE Structure",0,0,TRUE,"Low"
"304",347,"sample-353","37","WS.37.3","Facility 1",2023,"Winter","During","Post-Pasteurization ","Non-FPE Structure",600,2.77815125038364,TRUE,"Low"
"305",348,"sample-354","38","WS.38.2","Facility 1",2022,"Fall","During","Filling","Door",0,0,TRUE,"Low"
"306",357,"sample-363","40","WS.40.3","Facility 1",2023,"Winter","During","Filling","Cart/Rolling Bins",240,2.38021124171161,TRUE,"Low"
"307",367,"sample-373","44","WS.44.2","Facility 1",2022,"Fall","During","Filling","Floor Object",285,2.45484486000851,TRUE,"Low"
"308",369,"sample-375","45","WS.45.2","Facility 1",2022,"Fall","During","Filling","Conveyor",140,2.14612803567824,TRUE,"Low"
"309",370,"sample-376","45","WS.45.4","Facility 1",2023,"Spring","During","Filling","Conveyor",120,2.07918124604762,TRUE,"Low"
"310",375,"sample-381","47","WS.47.2","Facility 1",2022,"Fall","During","Warehouse","Door",160,2.20411998265592,TRUE,"Low"
"311",377,"sample-383","47","WS.47.3","Facility 1",2023,"Winter","During","Warehouse","Door",960,2.98227123303957,TRUE,"Low"
"312",381,"sample-387","49","WS.49.2","Facility 1",2022,"Fall","During","Warehouse","Fan/Vent",330,2.51851393987789,TRUE,"Low"
"313",387,"sample-393","50","WS.50.2","Facility 1",2022,"Fall","During","Warehouse","Fan/Vent",0,0,TRUE,"Low"
"314",388,"sample-394","50","WS.50.4","Facility 1",2023,"Spring","During","Warehouse","Fan/Vent",560,2.7481880270062,TRUE,"Low"
"315",390,"sample-396","51","WS.51.2","Facility 1",2022,"Fall","During","Post-Pasteurization ","FPE Structure",95,1.97772360528885,TRUE,"Low"
"316",396,"sample-402","7","WS.07.2","Facility 1",2022,"Fall","During","Warehouse","Door",0,0,TRUE,"Low"
"317",397,"sample-403","7","WS.07.3","Facility 1",2023,"Winter","During","Warehouse","Door",360,2.55630250076729,TRUE,"Low"
"318",403,"sample-409","E1","WS.E1.4","Facility 1",2023,"Spring","During","Warehouse","Non-FPE Structure",360,2.55630250076729,TRUE,"Low"
"319",404,"sample-410","E10","WS.E10.4","Facility 1",2023,"Spring","During","Filling","Conveyor",320,2.50514997831991,TRUE,"Low"
"320",405,"sample-411","E11","WS.E11.4","Facility 1",2023,"Spring","During","Filling","Conveyor",1000,3,TRUE,"Low"
"321",412,"sample-418","E9","WS.E9.4","Facility 1",2023,"Spring","During","Filling","Conveyor",280,2.44715803134222,FALSE,"Low"
"322",413,"sample-423","10A","B.10A.1","Facility 2",2022,"Summer","Before","Raw","Cleaning Tools",0,0,FALSE,"Low"
"323",414,"sample-424","10B","B.10B.1","Facility 2",2022,"Summer","During","Raw","Cleaning Tools",0,0,FALSE,"Low"
"324",415,"sample-425","11A","B.11A.1","Facility 2",2022,"Summer","Before","Raw","Cleaning Tools",0,0,FALSE,"Low"
"325",416,"sample-426","12B","B.12B.1","Facility 2",2022,"Summer","During","Raw","Door",20,1.30102999566398,FALSE,"Low"
"326",419,"sample-429","14A","B.14A.1","Facility 2",2022,"Summer","Before","Post-Pasteurization ","FPE Structure",0,0,FALSE,"Low"
"327",420,"sample-430","14B","B.14B.1","Facility 2",2022,"Summer","During","Post-Pasteurization ","FPE Structure",40,1.60205999132796,FALSE,"Low"
"328",427,"sample-437","24B","B.24B.1","Facility 2",2022,"Summer","During","Filling","Non-FPE Structure",5,0.698970004336019,FALSE,"Low"
"329",428,"sample-438","25B","B.25B.1","Facility 2",2022,"Summer","During","Warehouse","Fan/Vent",720,2.85733249643127,FALSE,"Low"
"330",430,"sample-440","26B","B.26B.1","Facility 2",2022,"Summer","During","Warehouse","Door",600,2.77815125038364,FALSE,"Low"
"331",435,"sample-445","31A","B.31A.1","Facility 2",2022,"Summer","Before","Warehouse","Forklift/Pallet Jack",675,2.82930377283102,TRUE,"Low"
"332",436,"sample-446","32A","B.32A.1","Facility 2",2022,"Summer","Before","Warehouse","Forklift/Pallet Jack",490,2.69019608002851,TRUE,"Low"
"333",437,"sample-447","32B","B.32B.1","Facility 2",2022,"Summer","During","Warehouse","Forklift/Pallet Jack",890,2.94939000664491,FALSE,"Low"
"334",440,"sample-450","4A","B.04A.1","Facility 2",2022,"Summer","Before","Raw","Cleaning Tools",50,1.69897000433602,TRUE,"Low"
"335",441,"sample-451","4B","B.04B.1","Facility 2",2022,"Summer","During","Raw","Cleaning Tools",30,1.47712125471966,FALSE,"Low"
"336",442,"sample-452","5B","B.05B.1","Facility 2",2022,"Summer","During","Raw","Door",290,2.46239799789896,FALSE,"Low"
"337",443,"sample-453","6B","B.06B.1","Facility 2",2022,"Summer","During","Raw","Floor Object",0,0,FALSE,"Low"
"338",444,"sample-454","7B","B.07B.1","Facility 2",2022,"Summer","During","Raw","Drain",0,0,FALSE,"Low"
"339",445,"sample-455","9B","B.09B.1","Facility 2",2022,"Summer","During","Raw","Cart/Rolling Bins",5,0.698970004336019,FALSE,"Low"
"340",446,"sample-457","1","NL.01.1","Facility 3",2022,"Summer","During","Raw","Floor Object",600,2.77815125038364,TRUE,"Low"
"341",452,"sample-463","17","NL.17.1","Facility 3",2022,"Summer","During","Post-Pasteurization ","Hose",395,2.59659709562646,TRUE,"Low"
"342",457,"sample-468","25","NL.25.1","Facility 3",2022,"Summer","During","Filling","Non-FPE Structure",80,1.90308998699194,TRUE,"Low"
"343",463,"sample-474","36","NL.36.1","Facility 3",2022,"Summer","During","Filling","FPE Structure",720,2.85733249643127,TRUE,"Low"
"344",467,"sample-478","41","NL.41.1","Facility 3",2022,"Summer","During","Filling","Conveyor",1000,3,TRUE,"Low"
"345",479,"sample-490","24","WS.24.1","Facility 1",2022,"Summer","During","Post-Pasteurization ","Floor Object",885,2.94694327069783,TRUE,"Low"
"346",485,"sample-496","30","WS.30.1","Facility 1",2022,"Summer","During","Post-Pasteurization ","Cart/Rolling Bins",665,2.8228216453031,FALSE,"Low"
"347",497,"sample-508","47","WS.47.1","Facility 1",2022,"Summer","During","Warehouse","Door",400,2.60205999132796,FALSE,"Low"
"348",498,"sample-509","48","WS.48.1","Facility 1",2022,"Summer","During","Warehouse","Door",900,2.95424250943932,FALSE,"Low"
"349",500,"sample-511","50","WS.50.1","Facility 1",2022,"Summer","During","Warehouse","Fan/Vent",635,2.80277372529198,TRUE,"Low"
"350",503,"sample-514","7","WS.07.1","Facility 1",2022,"Summer","During","Warehouse","Door",0,0,FALSE,"Low"
"351",10,"sample-10","13","B.13.2","Facility 2",2022,"Fall","During","Post-Pasteurization ","Floor Object",819000,5.91328390176042,TRUE,"High"
"352",11,"sample-11","13","B.13.4","Facility 2",2023,"Spring","During","Post-Pasteurization ","Floor Object",4640000,6.66651798055488,TRUE,"High"
"353",13,"sample-13","15","B.15.2","Facility 2",2022,"Fall","During","Filling","Conveyor",3200000,6.50514997831991,TRUE,"High"
"354",14,"sample-14","15","B.15.4","Facility 2",2023,"Spring","During","Filling","Conveyor",2.35e+08,8.37106786227174,TRUE,"High"
"355",16,"sample-16","16","B.16.2","Facility 2",2022,"Fall","During","Filling","Wall/Ceiling",231000,5.36361197989214,TRUE,"High"
"356",17,"sample-17","16","B.16.4","Facility 2",2023,"Spring","During","Filling","Wall/Ceiling",4e+06,6.60205999132796,FALSE,"High"
"357",20,"sample-20","17","B.17.4","Facility 2",2023,"Spring","During","Filling","Conveyor",52800000,7.72263392253381,TRUE,"High"
"358",21,"sample-21","17","B.17.3","Facility 2",2023,"Winter","During","Filling","Conveyor",9e+05,5.95424250943933,TRUE,"High"
"359",23,"sample-23","18","B.18.4","Facility 2",2023,"Spring","During","Filling","Wall/Ceiling",148000,5.17026171539496,TRUE,"High"
"360",26,"sample-26","19","B.19.4","Facility 2",2023,"Spring","During","Filling","Cart/Rolling Bins",63600000,7.80345711564841,TRUE,"High"
"361",34,"sample-34","21","B.21.2","Facility 2",2022,"Fall","During","Filling","Drain",1600000,6.20411998265593,TRUE,"High"
"362",35,"sample-35","21","B.21.3","Facility 2",2023,"Winter","During","Filling","Drain",108000,5.03342375548695,TRUE,"High"
"363",37,"sample-37","22","B.22.4","Facility 2",2023,"Spring","During","Filling","Non-FPE Structure",1.74e+08,8.2405492482826,TRUE,"High"
"364",38,"sample-38","22","B.22.3","Facility 2",2023,"Winter","During","Filling","Non-FPE Structure",23200000,7.3654879848909,TRUE,"High"
"365",41,"sample-41","25","B.25.4","Facility 2",2023,"Spring","During","Warehouse","Fan/Vent",160000,5.20411998265593,TRUE,"High"
"366",57,"sample-57","30","B.30.2","Facility 2",2022,"Fall","During","Warehouse","Non-FPE Structure",18900000,7.27646180417324,TRUE,"High"
"367",58,"sample-58","30","B.30.4","Facility 2",2023,"Spring","During","Warehouse","Non-FPE Structure",2.69e+08,8.42975228000241,TRUE,"High"
"368",59,"sample-59","30","B.30.3","Facility 2",2023,"Winter","During","Warehouse","Non-FPE Structure",47200000,7.67394199863409,TRUE,"High"
"369",86,"sample-86","E3","B.E3.4","Facility 2",2023,"Spring","During","Filling","Non-FPE Structure",148000,5.17026171539496,TRUE,"High"
"370",98,"sample-100","E12","NL.E12.2","Facility 3",2022,"Fall","During","Filling","FPE Structure",1.01e+08,8.00432137378264,TRUE,"High"
"371",100,"sample-102","E13","NL.E13.3","Facility 3",2023,"Winter","During","Filling","Floor Object",3040000,6.48287358360875,TRUE,"High"
"372",109,"sample-111","E2","WS.E2.2","Facility 1",2022,"Fall","During","Warehouse","Drain",55700000,7.74585519517373,TRUE,"High"
"373",110,"sample-112","E2","WS.E2.3","Facility 1",2023,"Winter","During","Warehouse","Drain",2.9e+08,8.46239799789896,TRUE,"High"
"374",113,"sample-115","E3","NL.E3.2","Facility 3",2022,"Fall","During","Office/Hallway","Hose",2250000,6.35218251811136,FALSE,"High"
"375",114,"sample-116","E3","WS.E3.2","Facility 1",2022,"Fall","During","Warehouse","Drain",4.8e+07,7.68124123737559,TRUE,"High"
"376",120,"sample-122","E4","WS.E4.3","Facility 1",2023,"Winter","During","Warehouse","Conveyor",292000,5.46538285144842,TRUE,"High"
"377",124,"sample-126","E5","WS.E5.2","Facility 1",2022,"Fall","During","Warehouse","Conveyor",650000,5.81291335664286,TRUE,"High"
"378",125,"sample-127","E5","WS.E5.3","Facility 1",2023,"Winter","During","Warehouse","Conveyor",116000,5.06445798922692,TRUE,"High"
"379",129,"sample-131","E6","WS.E6.2","Facility 1",2022,"Fall","During","Office/Hallway","Floor Object",4e+05,5.60205999132796,TRUE,"High"
"380",130,"sample-132","E6","WS.E6.3","Facility 1",2023,"Winter","During","Office/Hallway","Floor Object",140000,5.14612803567824,TRUE,"High"
"381",135,"sample-137","E7","WS.E7.3","Facility 1",2023,"Winter","During","Raw","Floor Object",35600000,7.55144999797287,TRUE,"High"
"382",139,"sample-141","E8","NL.E8.3","Facility 3",2023,"Winter","During","Warehouse","Wall/Ceiling",508000,5.70586371228392,FALSE,"High"
"383",141,"sample-143","E9","B.E9.3","Facility 2",2023,"Winter","During","Post-Pasteurization ","FPE Structure",2290000,6.35983548233989,TRUE,"High"
"384",142,"sample-144","E9","NL.E9.2","Facility 3",2022,"Fall","During","Warehouse","Floor Object",2400000,6.38021124171161,TRUE,"High"
"385",143,"sample-145","E9","NL.E9.3","Facility 3",2023,"Winter","During","Warehouse","Floor Object",128000,5.10720996964787,TRUE,"High"
"386",144,"sample-150","1","NL.01.2","Facility 3",2022,"Fall","During","Raw","Floor Object",140000,5.14612803567824,TRUE,"High"
"387",147,"sample-153","10","NL.10.2","Facility 3",2022,"Fall","During","Post-Pasteurization ","Wall/Ceiling",950000,5.97772360528885,TRUE,"High"
"388",148,"sample-154","10","NL.10.4","Facility 3",2023,"Spring","During","Post-Pasteurization ","Wall/Ceiling",240000,5.38021124171161,TRUE,"High"
"389",149,"sample-155","10","NL.10.3","Facility 3",2023,"Winter","During","Post-Pasteurization ","Wall/Ceiling",308000,5.48855071650044,FALSE,"High"
"390",151,"sample-157","11","NL.11.4","Facility 3",2023,"Spring","During","Post-Pasteurization ","Cart/Rolling Bins",2e+05,5.30102999566398,FALSE,"High"
"391",152,"sample-158","11","NL.11.3","Facility 3",2023,"Winter","During","Post-Pasteurization ","Cart/Rolling Bins",2.26e+08,8.3541084391474,TRUE,"High"
"392",153,"sample-159","12","NL.12.2","Facility 3",2022,"Fall","During","Post-Pasteurization ","Drain",380000,5.57978359661681,TRUE,"High"
"393",154,"sample-160","12","NL.12.4","Facility 3",2023,"Spring","During","Post-Pasteurization ","Drain",4100000,6.61278385671974,TRUE,"High"
"394",155,"sample-161","12","NL.12.3","Facility 3",2023,"Winter","During","Post-Pasteurization ","Drain",8.74e+08,8.9415114326344,TRUE,"High"
"395",156,"sample-162","13","NL.13.2","Facility 3",2022,"Fall","During","Post-Pasteurization ","Drain",119000,5.07554696139253,TRUE,"High"
"396",157,"sample-163","13","NL.13.4","Facility 3",2023,"Spring","During","Post-Pasteurization ","Drain",29600000,7.47129171105894,TRUE,"High"
"397",158,"sample-164","13","NL.13.3","Facility 3",2023,"Winter","During","Post-Pasteurization ","Drain",1660000,6.22010808804005,TRUE,"High"
"398",159,"sample-165","14","NL.14.2","Facility 3",2022,"Fall","During","Post-Pasteurization ","Floor Object",8500000,6.92941892571429,FALSE,"High"
"399",160,"sample-166","14","NL.14.4","Facility 3",2023,"Spring","During","Post-Pasteurization ","Floor Object",4.97e+08,8.69635638873333,TRUE,"High"
"400",161,"sample-167","14","NL.14.3","Facility 3",2023,"Winter","During","Post-Pasteurization ","Floor Object",1e+06,6,TRUE,"High"
"401",168,"sample-174","2","NL.02.4","Facility 3",2023,"Spring","During","Raw","Non-FPE Structure",98400000,7.99299509843134,TRUE,"High"
"402",169,"sample-175","2","NL.02.3","Facility 3",2023,"Winter","During","Raw","Non-FPE Structure",1560000,6.19312459835446,FALSE,"High"
"403",174,"sample-180","22","NL.22.4","Facility 3",2023,"Spring","During","Filling","Drain",592000,5.77232170672292,TRUE,"High"
"404",180,"sample-186","24","NL.24.3","Facility 3",2023,"Winter","During","Filling","Conveyor",152000,5.18184358794477,TRUE,"High"
"405",190,"sample-196","3","NL.03.4","Facility 3",2023,"Spring","During","Warehouse","Forklift/Pallet Jack",3e+05,5.47712125471966,FALSE,"High"
"406",191,"sample-197","3","NL.03.3","Facility 3",2023,"Winter","During","Warehouse","Forklift/Pallet Jack",588000,5.76937732607614,TRUE,"High"
"407",201,"sample-207","34","NL.34.3","Facility 3",2023,"Winter","During","Filling","FPE Structure",120000,5.07918124604763,TRUE,"High"
"408",215,"sample-221","4","NL.04.3","Facility 3",2023,"Winter","During","Warehouse","Forklift/Pallet Jack",356000,5.55144999797287,TRUE,"High"
"409",217,"sample-223","40","NL.40.4","Facility 3",2023,"Spring","During","Filling","Drain",6160000,6.78958071216443,TRUE,"High"
"410",225,"sample-231","43","NL.43.2","Facility 3",2022,"Fall","During","Filling","Drain",8700000,6.93951925261862,FALSE,"High"
"411",227,"sample-233","43","NL.43.3","Facility 3",2023,"Winter","During","Filling","Drain",128000,5.10720996964787,TRUE,"High"
"412",230,"sample-236","44","NL.44.3","Facility 3",2023,"Winter","During","Filling","Non-FPE Structure",13600000,7.13353890837022,FALSE,"High"
"413",235,"sample-241","46","NL.46.3","Facility 3",2023,"Winter","During","Filling","Non-FPE Structure",3e+05,5.47712125471966,TRUE,"High"
"414",237,"sample-243","47","NL.47.4","Facility 3",2023,"Spring","During","Filling","FPE Structure",440000,5.64345267648619,TRUE,"High"
"415",243,"sample-249","5","NL.05.4","Facility 3",2023,"Spring","During","Warehouse","Floor Object",140000,5.14612803567824,TRUE,"High"
"416",244,"sample-250","5","NL.05.3","Facility 3",2023,"Winter","During","Warehouse","Cleaning Tools",112000,5.04921802267018,FALSE,"High"
"417",245,"sample-251","50","NL.50.2","Facility 3",2022,"Fall","During","Warehouse","Floor Object",1180000,6.07188200730613,TRUE,"High"
"418",257,"sample-263","7","NL.07.2","Facility 3",2022,"Fall","During","Warehouse","Door",4400000,6.64345267648619,TRUE,"High"
"419",258,"sample-264","7","NL.07.4","Facility 3",2023,"Spring","During","Warehouse","Door",764000,5.88309335857569,FALSE,"High"
"420",259,"sample-265","7","NL.07.3","Facility 3",2023,"Winter","During","Warehouse","Door",18400000,7.26481782300954,TRUE,"High"
"421",260,"sample-266","8","NL.08.2","Facility 3",2022,"Fall","During","Post-Pasteurization ","Floor Object",2200000,6.34242268082221,TRUE,"High"
"422",261,"sample-267","8","NL.08.4","Facility 3",2023,"Spring","During","Post-Pasteurization ","Floor Object",87200000,7.94051648493257,TRUE,"High"
"423",262,"sample-268","8","NL.08.3","Facility 3",2023,"Winter","During","Post-Pasteurization ","Floor Object",85200000,7.9304395947667,TRUE,"High"
"424",264,"sample-270","9","NL.09.3","Facility 3",2023,"Winter","During","Post-Pasteurization ","Non-FPE Structure",416000,5.61909333062674,TRUE,"High"
"425",268,"sample-274","E13","NL.E13.4","Facility 3",2023,"Spring","During","Filling","Floor Object",948000,5.97680833733807,TRUE,"High"
"426",277,"sample-283","E9","NL.E9.4","Facility 3",2023,"Spring","During","Warehouse","Floor Object",1160000,6.06445798922692,TRUE,"High"
"427",278,"sample-284","9","WS.09.2","Facility 1",2022,"Fall","During","Raw","Hose",7e+06,6.84509804001426,TRUE,"High"
"428",280,"sample-286","10","WS.10.4","Facility 1",2023,"Spring","During","Raw","Hose",1.24e+09,9.09342168516224,TRUE,"High"
"429",281,"sample-287","10","WS.10.3","Facility 1",2023,"Winter","During","Raw","Hose",212000,5.32633586092875,TRUE,"High"
"430",282,"sample-288","11","WS.11.2","Facility 1",2022,"Fall","During","Raw","Non-FPE Structure",28800000,7.45939248775923,TRUE,"High"
"431",283,"sample-289","11","WS.11.4","Facility 1",2023,"Spring","During","Raw","Non-FPE Structure",2800000,6.44715803134222,FALSE,"High"
"432",284,"sample-290","11","WS.11.3","Facility 1",2023,"Winter","During","Raw","Non-FPE Structure",80400000,7.90525604874845,TRUE,"High"
"433",289,"sample-295","13","WS.13.4","Facility 1",2023,"Spring","During","Raw","FPE Structure",172000,5.23552844690755,TRUE,"High"
"434",293,"sample-299","14","WS.14.3","Facility 1",2023,"Winter","During","Warehouse","Floor Object",308000,5.48855071650044,TRUE,"High"
"435",306,"sample-312","20","WS.20.4","Facility 1",2023,"Spring","During","Post-Pasteurization ","Drain",108000,5.03342375548695,TRUE,"High"
"436",307,"sample-313","20","WS.20.3","Facility 1",2023,"Winter","During","Post-Pasteurization ","Drain",892000,5.95036485437612,FALSE,"High"
"437",319,"sample-325","25","WS.25.3","Facility 1",2023,"Winter","During","Post-Pasteurization ","FPE Structure",632000,5.80071707828238,FALSE,"High"
"438",326,"sample-332","28","WS.28.2","Facility 1",2022,"Fall","During","Post-Pasteurization ","FPE Structure",5350000,6.72835378202123,TRUE,"High"
"439",328,"sample-334","28","WS.28.3","Facility 1",2023,"Winter","During","Post-Pasteurization ","FPE Structure",768000,5.88536122003151,FALSE,"High"
"440",334,"sample-340","31","WS.31.2","Facility 1",2022,"Fall","During","Post-Pasteurization ","FPE Structure",159000,5.20139712432045,TRUE,"High"
"441",336,"sample-342","31","WS.31.3","Facility 1",2023,"Winter","During","Post-Pasteurization ","FPE Structure",172000,5.23552844690755,TRUE,"High"
"442",340,"sample-346","35","WS.35.2","Facility 1",2022,"Fall","During","Post-Pasteurization ","Drain",1.5e+07,7.17609125905568,TRUE,"High"
"443",341,"sample-347","35","WS.35.4","Facility 1",2023,"Spring","During","Post-Pasteurization ","Drain",9.8e+08,8.9912260756925,FALSE,"High"
"444",342,"sample-348","35","WS.35.3","Facility 1",2023,"Winter","During","Post-Pasteurization ","Drain",1.36e+09,9.13353890837022,TRUE,"High"
"445",344,"sample-350","36","WS.36.4","Facility 1",2023,"Spring","During","Post-Pasteurization ","Wall/Ceiling",184000,5.26481782300954,TRUE,"High"
"446",349,"sample-355","39","WS.39.2","Facility 1",2022,"Fall","During","Filling","Forklift/Pallet Jack",5800000,6.76342799356294,TRUE,"High"
"447",351,"sample-357","39","WS.39.3","Facility 1",2023,"Winter","During","Filling","Forklift/Pallet Jack",2e+07,7.30102999566398,TRUE,"High"
"448",352,"sample-358","4","WS.04.2","Facility 1",2022,"Fall","During","Warehouse","Drain",3750000,6.57403126772772,TRUE,"High"
"449",353,"sample-359","4","WS.04.4","Facility 1",2023,"Spring","During","Warehouse","Drain",1.3e+08,8.11394335230684,TRUE,"High"
"450",354,"sample-360","4","WS.04.3","Facility 1",2023,"Winter","During","Warehouse","Drain",6.99e+08,8.84447717574568,TRUE,"High"
"451",356,"sample-362","40","WS.40.4","Facility 1",2023,"Spring","During","Filling","Cart/Rolling Bins",2110000,6.32428245529769,TRUE,"High"
"452",358,"sample-364","41","WS.41.2","Facility 1",2022,"Fall","During","Filling","Cart/Rolling Bins",364000,5.56110138364906,TRUE,"High"
"453",360,"sample-366","41","WS.41.3","Facility 1",2023,"Winter","During","Filling","Cart/Rolling Bins",136000,5.13353890837022,TRUE,"High"
"454",363,"sample-369","42","WS.42.3","Facility 1",2023,"Winter","During","Filling","Drain",59600000,7.77524625974024,TRUE,"High"
"455",364,"sample-370","43","WS.43.2","Facility 1",2022,"Fall","During","Filling","Forklift/Pallet Jack",2050000,6.31175386105575,TRUE,"High"
"456",365,"sample-371","43","WS.43.4","Facility 1",2023,"Spring","During","Filling","Forklift/Pallet Jack",37200000,7.5705429398819,FALSE,"High"
"457",366,"sample-372","43","WS.43.3","Facility 1",2023,"Winter","During","Filling","Forklift/Pallet Jack",1e+05,5,TRUE,"High"
"458",371,"sample-377","45","WS.45.3","Facility 1",2023,"Winter","During","Filling","Conveyor",6800000,6.83250891270624,TRUE,"High"
"459",372,"sample-378","46","WS.46.2","Facility 1",2022,"Fall","During","Warehouse","Drain",15700000,7.19589965240923,TRUE,"High"
"460",373,"sample-379","46","WS.46.4","Facility 1",2023,"Spring","During","Warehouse","Drain",24800000,7.39445168082622,TRUE,"High"
"461",374,"sample-380","46","WS.46.3","Facility 1",2023,"Winter","During","Warehouse","Drain",1.8e+07,7.25527250510331,TRUE,"High"
"462",384,"sample-390","5","WS.05.2","Facility 1",2022,"Fall","During","Warehouse","Forklift/Pallet Jack",250000,5.39794000867204,TRUE,"High"
"463",385,"sample-391","5","WS.05.4","Facility 1",2023,"Spring","During","Warehouse","Forklift/Pallet Jack",27200000,7.4345689040342,FALSE,"High"
"464",386,"sample-392","5","WS.05.3","Facility 1",2023,"Winter","During","Warehouse","Forklift/Pallet Jack",98400000,7.99299509843134,TRUE,"High"
"465",394,"sample-400","6","WS.06.4","Facility 1",2023,"Spring","During","Warehouse","Forklift/Pallet Jack",4720000,6.67394199863409,FALSE,"High"
"466",395,"sample-401","6","WS.06.3","Facility 1",2023,"Winter","During","Warehouse","Forklift/Pallet Jack",9720000,6.98766626492627,TRUE,"High"
"467",398,"sample-404","8","WS.08.2","Facility 1",2022,"Fall","During","Raw","Drain",1.13e+08,8.05307844348342,TRUE,"High"
"468",399,"sample-405","8","WS.08.4","Facility 1",2023,"Spring","During","Raw","Drain",7.78e+08,8.89097959698969,TRUE,"High"
"469",400,"sample-406","8","WS.08.3","Facility 1",2023,"Winter","During","Raw","Drain",1.05e+08,8.02118929906994,TRUE,"High"
"470",401,"sample-407","9","WS.09.4","Facility 1",2023,"Spring","During","Raw","Hose",23200000,7.3654879848909,FALSE,"High"
"471",402,"sample-408","9","WS.09.3","Facility 1",2023,"Winter","During","Raw","Hose",8.1e+08,8.90848501887865,TRUE,"High"
"472",406,"sample-412","E2","WS.E2.4","Facility 1",2023,"Spring","During","Warehouse","Drain",1.2e+09,9.07918124604763,FALSE,"High"
"473",407,"sample-413","E3","WS.E3.4","Facility 1",2023,"Spring","During","Warehouse","Drain",6.05e+08,8.78175537465247,TRUE,"High"
"474",408,"sample-414","E4","WS.E4.4","Facility 1",2023,"Spring","During","Warehouse","Conveyor",776000,5.88986172125819,FALSE,"High"
"475",411,"sample-417","E7","WS.E7.4","Facility 1",2023,"Spring","During","Raw","Floor Object",19200000,7.28330122870355,FALSE,"High"
"476",418,"sample-428","13B","B.13B.1","Facility 2",2022,"Summer","During","Post-Pasteurization ","Floor Object",1800000,6.25527250510331,TRUE,"High"
"477",421,"sample-431","15A","B.15A.1","Facility 2",2022,"Summer","Before","Filling","Conveyor",2e+06,6.30102999566398,TRUE,"High"
"478",422,"sample-432","18A","B.18A.1","Facility 2",2022,"Summer","Before","Filling","Wall/Ceiling",2.02e+08,8.30535136944662,TRUE,"High"
"479",425,"sample-435","21A","B.21A.1","Facility 2",2022,"Summer","Before","Filling","Drain",52900000,7.72345567203519,TRUE,"High"
"480",434,"sample-444","30A","B.30A.1","Facility 2",2022,"Summer","Before","Warehouse","Non-FPE Structure",26300000,7.41995574848976,TRUE,"High"
"481",439,"sample-449","3B","B.03B.1","Facility 2",2022,"Summer","During","Raw","Hose",129000,5.11058971029925,FALSE,"High"
"482",447,"sample-458","10","NL.10.1","Facility 3",2022,"Summer","During","Post-Pasteurization ","Wall/Ceiling",1.4e+07,7.14612803567824,TRUE,"High"
"483",448,"sample-459","12","NL.12.1","Facility 3",2022,"Summer","During","Post-Pasteurization ","Drain",5400000,6.73239375982297,TRUE,"High"
"484",450,"sample-461","14","NL.14.1","Facility 3",2022,"Summer","During","Post-Pasteurization ","Floor Object",12400000,7.09342168516223,TRUE,"High"
"485",454,"sample-465","20","NL.20.1","Facility 3",2022,"Summer","During","Post-Pasteurization ","Wall/Ceiling",4700000,6.67209785793572,FALSE,"High"
"486",458,"sample-469","26","NL.26.1","Facility 3",2022,"Summer","During","Filling","Drain",2650000,6.42324587393681,TRUE,"High"
"487",459,"sample-470","28","NL.28.1","Facility 3",2022,"Summer","During","Filling","Conveyor",260000,5.41497334797082,TRUE,"High"
"488",466,"sample-477","40","NL.40.1","Facility 3",2022,"Summer","During","Filling","Drain",120000,5.07918124604763,TRUE,"High"
"489",469,"sample-480","46","NL.46.1","Facility 3",2022,"Summer","During","Filling","Non-FPE Structure",750000,5.8750612633917,FALSE,"High"
"490",471,"sample-482","50","NL.50.1","Facility 3",2022,"Summer","During","Warehouse","Floor Object",180000,5.25527250510331,TRUE,"High"
"491",474,"sample-485","8","NL.08.1","Facility 3",2022,"Summer","During","Post-Pasteurization ","Floor Object",2.3e+07,7.36172783601759,TRUE,"High"
"492",475,"sample-486","11","WS.11.1","Facility 1",2022,"Summer","During","Raw","Non-FPE Structure",12300000,7.0899051114394,FALSE,"High"
"493",477,"sample-488","13","WS.13.1","Facility 1",2022,"Summer","During","Raw","FPE Structure",6.1e+07,7.78532983501077,FALSE,"High"
"494",484,"sample-495","29","WS.29.1","Facility 1",2022,"Summer","During","Post-Pasteurization ","Floor Object",385000,5.5854607295085,FALSE,"High"
"495",487,"sample-498","35","WS.35.1","Facility 1",2022,"Summer","During","Post-Pasteurization ","Drain",33600000,7.52633927738984,FALSE,"High"
"496",488,"sample-499","36","WS.36.1","Facility 1",2022,"Summer","During","Post-Pasteurization ","Wall/Ceiling",2e+05,5.30102999566398,FALSE,"High"
"497",489,"sample-500","37","WS.37.1","Facility 1",2022,"Summer","During","Post-Pasteurization ","Non-FPE Structure",363000,5.55990662503611,FALSE,"High"
"498",493,"sample-504","43","WS.43.1","Facility 1",2022,"Summer","During","Filling","Forklift/Pallet Jack",2150000,6.3324384599156,FALSE,"High"
"499",495,"sample-506","45","WS.45.1","Facility 1",2022,"Summer","During","Filling","Conveyor",201000,5.30319605742049,FALSE,"High"
"500",499,"sample-510","5","WS.05.1","Facility 1",2022,"Summer","During","Warehouse","Forklift/Pallet Jack",250000,5.39794000867204,FALSE,"High"
"501",502,"sample-513","6","WS.06.1","Facility 1",2022,"Summer","During","Warehouse","Forklift/Pallet Jack",133000,5.12385164096709,FALSE,"High"
"502",504,"sample-515","8","WS.08.1","Facility 1",2022,"Summer","During","Raw","Drain",1.14e+08,8.05690485133647,FALSE,"High"
